horizon,horizon_days,model_1,model_2,n,DM_HAC,p_value_HAC,HAC_bandwidth,overlap_warning
12M,365,ARIMA,Adaptive Ensemble,3032,2.945432662055377,0.0032250333853653945,364,False
12M,365,ARIMA,GLS,3032,-0.5602688674283796,0.5752960592975667,364,False
12M,365,ARIMA,GLS-LSTM,3032,-0.7690491750954348,0.4418641184790939,364,False
12M,365,ARIMA,Historical Mean,3032,2.294966699831399,0.021735032757018935,364,False
12M,365,ARIMA,Historical Median,3032,2.0459858946665634,0.0407577584719272,364,False
12M,365,ARIMA,LSTM,3032,0.7802401275544181,0.43524954691448103,364,False
12M,365,ARIMA,Majority Direction,3032,0.3364621212411889,0.7365224110675124,364,False
12M,365,ARIMA,OLS,3032,-1.4528347572292803,0.14626963908087443,364,False
12M,365,ARIMA,Persistence Direction,3032,-1.0338330107940703,0.3012142363791006,364,False
12M,365,ARIMA,Random Walk with Drift,3032,2.294966699831399,0.021735032757018935,364,False
12M,365,ARIMA,VS-LSTM,3032,0.6292417976470008,0.5291907686658059,364,False
12M,365,ARIMA,Zero Return,3032,0.4570885087815246,0.6476074294595298,364,False
12M,365,Adaptive Ensemble,GLS,3032,-3.185638378082623,0.0014443501161160999,364,False
12M,365,Adaptive Ensemble,GLS-LSTM,3032,-3.1867747478353268,0.0014386877205829762,364,False
12M,365,Adaptive Ensemble,Historical Mean,3032,-2.674951310029834,0.0074740104031636445,364,False
12M,365,Adaptive Ensemble,Historical Median,3032,-2.964661664761146,0.0030301598373847494,364,False
12M,365,Adaptive Ensemble,LSTM,3032,-2.7458594132745096,0.006035261989938867,364,False
12M,365,Adaptive Ensemble,Majority Direction,3032,-2.663670159757519,0.007729330929445499,364,False
12M,365,Adaptive Ensemble,OLS,3032,-3.5202280895269045,0.00043117583618546007,364,False
12M,365,Adaptive Ensemble,Persistence Direction,3032,-8.847918563434037,0.0,364,False
12M,365,Adaptive Ensemble,Random Walk with Drift,3032,-2.674951310029834,0.0074740104031636445,364,False
12M,365,Adaptive Ensemble,VS-LSTM,3032,-3.353572647764465,0.0007977546884481157,364,False
12M,365,Adaptive Ensemble,Zero Return,3032,-3.267348887483399,0.0010855980436883517,364,False
12M,365,GLS,GLS-LSTM,3032,-1.0891589074712213,0.27608381645757407,364,False
12M,365,GLS,Historical Mean,3032,1.3028305483229183,0.19263261902171136,364,False
12M,365,GLS,Historical Median,3032,1.3648848561348452,0.17228924270624968,364,False
12M,365,GLS,LSTM,3032,2.1666985852854297,0.030257844546599078,364,False
12M,365,GLS,Majority Direction,3032,0.5631521965127694,0.5733312511454574,364,False
12M,365,GLS,OLS,3032,-0.35175472997266727,0.7250222116620093,364,False
12M,365,GLS,Persistence Direction,3032,-0.46273709119484174,0.643552828317542,364,False
12M,365,GLS,Random Walk with Drift,3032,1.3028305483229183,0.19263261902171136,364,False
12M,365,GLS,VS-LSTM,3032,1.7379808563773576,0.08221418701277527,364,False
12M,365,GLS,Zero Return,3032,1.8747944810360873,0.060821002746922925,364,False
12M,365,GLS-LSTM,Historical Mean,3032,1.4398083564965682,0.14992162631709594,364,False
12M,365,GLS-LSTM,Historical Median,3032,1.5055018855977265,0.1321950924415738,364,False
12M,365,GLS-LSTM,LSTM,3032,2.8125747767112474,0.0049146594927185205,364,False
12M,365,GLS-LSTM,Majority Direction,3032,0.7421371353025094,0.4580042522840926,364,False
12M,365,GLS-LSTM,OLS,3032,-0.12481019964163965,0.9006738123910212,364,False
12M,365,GLS-LSTM,Persistence Direction,3032,0.0465282676282118,0.962889204169423,364,False
12M,365,GLS-LSTM,Random Walk with Drift,3032,1.4398083564965682,0.14992162631709594,364,False
12M,365,GLS-LSTM,VS-LSTM,3032,2.2647423426329447,0.023528495460806154,364,False
12M,365,GLS-LSTM,Zero Return,3032,2.464449775616464,0.01372237936328946,364,False
12M,365,Historical Mean,Historical Median,3032,0.15715695381530753,0.8751211525380713,364,False
12M,365,Historical Mean,LSTM,3032,-0.011168685473125668,0.9910888635587511,364,False
12M,365,Historical Mean,Majority Direction,3032,-2.2609394374189082,0.023763007579898243,364,False
12M,365,Historical Mean,OLS,3032,-2.530755590929568,0.011381712700895719,364,False
12M,365,Historical Mean,Persistence Direction,3032,-2.354722108059352,0.018536562214254815,364,False
12M,365,Historical Mean,Random Walk with Drift,3032,,,364,False
12M,365,Historical Mean,VS-LSTM,3032,-0.20970168253819857,0.833900512257697,364,False
12M,365,Historical Mean,Zero Return,3032,-0.3501206906751531,0.7262481235403708,364,False
12M,365,Historical Median,LSTM,3032,-0.02695884196303956,0.9784925614451381,364,False
12M,365,Historical Median,Majority Direction,3032,-1.910110733310316,0.056118957323439966,364,False
12M,365,Historical Median,OLS,3032,-2.458805598529281,0.01394000789297234,364,False
12M,365,Historical Median,Persistence Direction,3032,-2.585544338486217,0.00972253671190959,364,False
12M,365,Historical Median,Random Walk with Drift,3032,-0.15715695381530753,0.8751211525380713,364,False
12M,365,Historical Median,VS-LSTM,3032,-0.2441774629494169,0.8070933808273786,364,False
12M,365,Historical Median,Zero Return,3032,-0.39040948925290675,0.6962337720875427,364,False
12M,365,LSTM,Majority Direction,3032,-0.5943893950341076,0.5522516998488289,364,False
12M,365,LSTM,OLS,3032,-1.5172756420983429,0.1291971053416896,364,False
12M,365,LSTM,Persistence Direction,3032,-6.390227326400463,1.6563928006974038e-10,364,False
12M,365,LSTM,Random Walk with Drift,3032,0.011168685473125668,0.9910888635587511,364,False
12M,365,LSTM,VS-LSTM,3032,-1.2722832003006512,0.2032725153770718,364,False
12M,365,LSTM,Zero Return,3032,-1.4543076158246044,0.1458610399460749,364,False
12M,365,Majority Direction,OLS,3032,-1.9610470283450794,0.04987353715368936,364,False
12M,365,Majority Direction,Persistence Direction,3032,-1.07000895012752,0.28461528010092785,364,False
12M,365,Majority Direction,Random Walk with Drift,3032,2.2609394374189082,0.023763007579898243,364,False
12M,365,Majority Direction,VS-LSTM,3032,0.4642482145677674,0.6424699212189264,364,False
12M,365,Majority Direction,Zero Return,3032,0.3031690373206505,0.7617610439196789,364,False
12M,365,OLS,Persistence Direction,3032,0.21502203412030477,0.8297501395897435,364,False
12M,365,OLS,Random Walk with Drift,3032,2.530755590929568,0.011381712700895719,364,False
12M,365,OLS,VS-LSTM,3032,1.4250297151006643,0.15414861169171612,364,False
12M,365,OLS,Zero Return,3032,1.2093533302678,0.2265271302869336,364,False
12M,365,Persistence Direction,Random Walk with Drift,3032,2.354722108059352,0.018536562214254815,364,False
12M,365,Persistence Direction,VS-LSTM,3032,6.262767197174461,3.7820502285512703e-10,364,False
12M,365,Persistence Direction,Zero Return,3032,5.618738248333832,1.9235701254061155e-08,364,False
12M,365,Random Walk with Drift,VS-LSTM,3032,-0.20970168253819857,0.833900512257697,364,False
12M,365,Random Walk with Drift,Zero Return,3032,-0.3501206906751531,0.7262481235403708,364,False
12M,365,VS-LSTM,Zero Return,3032,-0.6631659867622808,0.5072242528151056,364,False
15D,15,ARIMA,Adaptive Ensemble,3732,0.3170063963762124,0.7512387487798164,16,False
15D,15,ARIMA,GLS,3732,-6.85686440961925,7.0388139761234925e-12,16,False
15D,15,ARIMA,GLS-LSTM,3732,-3.2553260349319397,0.0011326226105192738,16,False
15D,15,ARIMA,Historical Mean,3732,1.0699096793900107,0.2846599657776814,16,False
15D,15,ARIMA,Historical Median,3732,1.5095571386003563,0.13115646509444923,16,False
15D,15,ARIMA,LSTM,3732,0.5851961793208105,0.5584158136191197,16,False
15D,15,ARIMA,Majority Direction,3732,-7.156436157508567,8.280043317654417e-13,16,False
15D,15,ARIMA,OLS,3732,-1.8949095237621834,0.05810438922676209,16,False
15D,15,ARIMA,Persistence Direction,3732,1.0546323611177517,0.29159349741040685,16,False
15D,15,ARIMA,Random Walk with Drift,3732,1.0699096793900107,0.2846599657776814,16,False
15D,15,ARIMA,VS-LSTM,3732,0.3211661222459734,0.74808450381105,16,False
15D,15,ARIMA,Zero Return,3732,1.1735538427512713,0.24057377845092986,16,False
15D,15,Adaptive Ensemble,GLS,3732,-6.858423046287672,6.962430632029282e-12,16,False
15D,15,Adaptive Ensemble,GLS-LSTM,3732,-3.274842436597843,0.001057209214230248,16,False
15D,15,Adaptive Ensemble,Historical Mean,3732,0.3385296027744723,0.7349641227646881,16,False
15D,15,Adaptive Ensemble,Historical Median,3732,0.6358792457033644,0.5248551309840321,16,False
15D,15,Adaptive Ensemble,LSTM,3732,0.04074464587687361,0.9674994688651988,16,False
15D,15,Adaptive Ensemble,Majority Direction,3732,-6.407799002702209,1.47635459413209e-10,16,False
15D,15,Adaptive Ensemble,OLS,3732,-1.5471810028439195,0.12181960552913629,16,False
15D,15,Adaptive Ensemble,Persistence Direction,3732,0.3359206285124934,0.7369307207672819,16,False
15D,15,Adaptive Ensemble,Random Walk with Drift,3732,0.3385296027744723,0.7349641227646881,16,False
15D,15,Adaptive Ensemble,VS-LSTM,3732,-0.13026378700871585,0.8963577296819611,16,False
15D,15,Adaptive Ensemble,Zero Return,3732,0.49371548617943045,0.6215071267965047,16,False
15D,15,GLS,GLS-LSTM,3732,6.629371254304879,3.371192214274288e-11,16,False
15D,15,GLS,Historical Mean,3732,6.857690065281319,6.998179813422212e-12,16,False
15D,15,GLS,Historical Median,3732,6.857916859663505,6.987299627780885e-12,16,False
15D,15,GLS,LSTM,3732,6.857207433649827,7.02193858614919e-12,16,False
15D,15,GLS,Majority Direction,3732,6.847507478222768,7.51487760908276e-12,16,False
15D,15,GLS,OLS,3732,6.855495634757226,7.106537580625627e-12,16,False
15D,15,GLS,Persistence Direction,3732,6.857639215422518,7.000844348681312e-12,16,False
15D,15,GLS,Random Walk with Drift,3732,6.857690065281319,6.998179813422212e-12,16,False
15D,15,GLS,VS-LSTM,3732,6.857036160068275,7.030376281136341e-12,16,False
15D,15,GLS,Zero Return,3732,6.857716465845227,6.9970695903975866e-12,16,False
15D,15,GLS-LSTM,Historical Mean,3732,3.2628345768033666,0.001103038849493032,16,False
15D,15,GLS-LSTM,Historical Median,3732,3.2659784130781544,0.0010908656494372782,16,False
15D,15,GLS-LSTM,LSTM,3732,3.2598747111757462,0.0011146143895752747,16,False
15D,15,GLS-LSTM,Majority Direction,3732,3.1501422075504983,0.0016319100743449333,16,False
15D,15,GLS-LSTM,OLS,3732,3.240785587489914,0.00119200804708397,16,False
15D,15,GLS-LSTM,Persistence Direction,3732,3.263264714757094,0.0011013659335019632,16,False
15D,15,GLS-LSTM,Random Walk with Drift,3732,3.2628345768033666,0.001103038849493032,16,False
15D,15,GLS-LSTM,VS-LSTM,3732,3.2580776201673123,0.0011216972061360853,16,False
15D,15,GLS-LSTM,Zero Return,3732,3.264960543572472,0.001094793257517157,16,False
15D,15,Historical Mean,Historical Median,3732,1.8146395038581218,0.06957932749173845,16,False
15D,15,Historical Mean,LSTM,3732,-0.9049629206270694,0.36548503122735476,16,False
15D,15,Historical Mean,Majority Direction,3732,-9.151817757541194,0.0,16,False
15D,15,Historical Mean,OLS,3732,-4.1832430947176995,2.8737980823034803e-05,16,False
15D,15,Historical Mean,Persistence Direction,3732,0.0029519552413705317,0.9976446839094495,16,False
15D,15,Historical Mean,Random Walk with Drift,3732,,,16,False
15D,15,Historical Mean,VS-LSTM,3732,-1.3160178622460788,0.18816804747476001,16,False
15D,15,Historical Mean,Zero Return,3732,0.40182010625508746,0.6878164238290423,16,False
15D,15,Historical Median,LSTM,3732,-2.6693886017087616,0.007598947552385438,16,False
15D,15,Historical Median,Majority Direction,3732,-8.305983838322518,0.0,16,False
15D,15,Historical Median,OLS,3732,-4.0496026904869655,5.13046613188628e-05,16,False
15D,15,Historical Median,Persistence Direction,3732,-1.2086836380165187,0.22678441005613048,16,False
15D,15,Historical Median,Random Walk with Drift,3732,-1.8146395038581218,0.06957932749173845,16,False
15D,15,Historical Median,VS-LSTM,3732,-2.402939031140979,0.01626389876452561,16,False
15D,15,Historical Median,Zero Return,3732,-0.507007635602769,0.6121494610347578,16,False
15D,15,LSTM,Majority Direction,3732,-7.214498849867425,5.413447468072263e-13,16,False
15D,15,LSTM,OLS,3732,-2.57434895988623,0.010042892487227117,16,False
15D,15,LSTM,Persistence Direction,3732,1.2110055180510773,0.22589328987995128,16,False
15D,15,LSTM,Random Walk with Drift,3732,0.9049629206270694,0.36548503122735476,16,False
15D,15,LSTM,VS-LSTM,3732,-0.48391068667081166,0.6284492557540782,16,False
15D,15,LSTM,Zero Return,3732,1.9765893757481445,0.048088064040628264,16,False
15D,15,Majority Direction,OLS,3732,8.458885391780749,0.0,16,False
15D,15,Majority Direction,Persistence Direction,3732,7.059380785657921,1.6724399642953358e-12,16,False
15D,15,Majority Direction,Random Walk with Drift,3732,9.151817757541194,0.0,16,False
15D,15,Majority Direction,VS-LSTM,3732,7.3541070701859494,1.9229062786507711e-13,16,False
15D,15,Majority Direction,Zero Return,3732,6.949075053831906,3.6768366129535934e-12,16,False
15D,15,OLS,Persistence Direction,3732,2.8434921242369944,0.00446221121946988,16,False
15D,15,OLS,Random Walk with Drift,3732,4.1832430947176995,2.8737980823034803e-05,16,False
15D,15,OLS,VS-LSTM,3732,2.432150386216003,0.015009473923140337,16,False
15D,15,OLS,Zero Return,3732,2.872346420464179,0.004074360637334795,16,False
15D,15,Persistence Direction,Random Walk with Drift,3732,-0.0029519552413705317,0.9976446839094495,16,False
15D,15,Persistence Direction,VS-LSTM,3732,-1.2614771654416466,0.20713698193270336,16,False
15D,15,Persistence Direction,Zero Return,3732,1.1375836705900426,0.2552943684056066,16,False
15D,15,Random Walk with Drift,VS-LSTM,3732,-1.3160178622460788,0.18816804747476001,16,False
15D,15,Random Walk with Drift,Zero Return,3732,0.40182010625508746,0.6878164238290423,16,False
15D,15,VS-LSTM,Zero Return,3732,1.6101621098904513,0.10736247078006711,16,False
1M,30,ARIMA,Adaptive Ensemble,3702,2.1163973164796803,0.03431103012115755,29,False
1M,30,ARIMA,GLS,3702,-3.238193101733653,0.0012028936180217276,29,False
1M,30,ARIMA,GLS-LSTM,3702,-2.4717840678168117,0.01344406934130582,29,False
1M,30,ARIMA,Historical Mean,3702,1.4333084694299667,0.15176970266338463,29,False
1M,30,ARIMA,Historical Median,3702,1.7193204064313528,0.08555604621268298,29,False
1M,30,ARIMA,LSTM,3702,1.2975264353557132,0.19445011542695734,29,False
1M,30,ARIMA,Majority Direction,3702,-4.62326165939216,3.7775272665463433e-06,29,False
1M,30,ARIMA,OLS,3702,-1.9407401078627435,0.052289808871898824,29,False
1M,30,ARIMA,Persistence Direction,3702,0.9073109388940481,0.3642423911384327,29,False
1M,30,ARIMA,Random Walk with Drift,3702,1.4333084694299667,0.15176970266338463,29,False
1M,30,ARIMA,VS-LSTM,3702,0.4497463343004516,0.6528933576619105,29,False
1M,30,ARIMA,Zero Return,3702,1.280633016515548,0.20032259743787195,29,False
1M,30,Adaptive Ensemble,GLS,3702,-3.2383699172391176,0.00120214828046028,29,False
1M,30,Adaptive Ensemble,GLS-LSTM,3702,-2.4721000441584304,0.013432192062309056,29,False
1M,30,Adaptive Ensemble,Historical Mean,3702,-2.527624232953326,0.01148371874776899,29,False
1M,30,Adaptive Ensemble,Historical Median,3702,-1.5493343423022883,0.12130136827369498,29,False
1M,30,Adaptive Ensemble,LSTM,3702,-2.135203216031795,0.03274441433531172,29,False
1M,30,Adaptive Ensemble,Majority Direction,3702,-6.763449744153221,1.3474332760665675e-11,29,False
1M,30,Adaptive Ensemble,OLS,3702,-5.517031973275314,3.447727281447044e-08,29,False
1M,30,Adaptive Ensemble,Persistence Direction,3702,-2.437290002983397,0.014797806421493087,29,False
1M,30,Adaptive Ensemble,Random Walk with Drift,3702,-2.527624232953326,0.01148371874776899,29,False
1M,30,Adaptive Ensemble,VS-LSTM,3702,-3.004143804705359,0.002663294095066826,29,False
1M,30,Adaptive Ensemble,Zero Return,3702,-1.6074114750693793,0.10796413449986897,29,False
1M,30,GLS,GLS-LSTM,3702,3.8588096346108376,0.0001139406445329616,29,False
1M,30,GLS,Historical Mean,3702,3.2382930546847337,0.0012024722298635826,29,False
1M,30,GLS,Historical Median,3702,3.2383131969550516,0.001202387329279908,29,False
1M,30,GLS,LSTM,3702,3.238289159887324,0.001202488647250366,29,False
1M,30,GLS,Majority Direction,3702,3.2377566406091582,0.0012047352781323628,29,False
1M,30,GLS,OLS,3702,3.2380332783318053,0.0012035676953858765,29,False
1M,30,GLS,Persistence Direction,3702,3.2382613958790873,0.0012026056843590371,29,False
1M,30,GLS,Random Walk with Drift,3702,3.2382930546847337,0.0012024722298635826,29,False
1M,30,GLS,VS-LSTM,3702,3.2382199985066715,0.001202780211441823,29,False
1M,30,GLS,Zero Return,3702,3.238292437210712,0.0012024748326320278,29,False
1M,30,GLS-LSTM,Historical Mean,3702,2.4719659316950837,0.013437232101364494,29,False
1M,30,GLS-LSTM,Historical Median,3702,2.4720034774368616,0.013435820938024312,29,False
1M,30,GLS-LSTM,LSTM,3702,2.471959294073215,0.013437481591179745,29,False
1M,30,GLS-LSTM,Majority Direction,3702,2.4709629845632977,0.013474976559254115,29,False
1M,30,GLS-LSTM,OLS,3702,2.4714892070754924,0.013455161273488336,29,False
1M,30,GLS-LSTM,Persistence Direction,3702,2.471907367029009,0.013439433526183153,29,False
1M,30,GLS-LSTM,Random Walk with Drift,3702,2.4719659316950837,0.013437232101364494,29,False
1M,30,GLS-LSTM,VS-LSTM,3702,2.4718357089740826,0.01344212756036689,29,False
1M,30,GLS-LSTM,Zero Return,3702,2.4719658640788955,0.013437234642849072,29,False
1M,30,Historical Mean,Historical Median,3702,1.3756857191934029,0.16891895513816313,29,False
1M,30,Historical Mean,LSTM,3702,0.13354628960458315,0.8937613582824795,29,False
1M,30,Historical Mean,Majority Direction,3702,-6.774674912102248,1.2468692744960208e-11,29,False
1M,30,Historical Mean,OLS,3702,-5.14124026538814,2.729307628790423e-07,29,False
1M,30,Historical Mean,Persistence Direction,3702,-0.6600734487901209,0.5092066963687765,29,False
1M,30,Historical Mean,Random Walk with Drift,3702,,,29,False
1M,30,Historical Mean,VS-LSTM,3702,-1.6919137937309447,0.09066241157149779,29,False
1M,30,Historical Mean,Zero Return,3702,0.2192514472458297,0.8264541811669932,29,False
1M,30,Historical Median,LSTM,3702,-1.4674202329938026,0.14226177379098437,29,False
1M,30,Historical Median,Majority Direction,3702,-5.802619878619073,6.528668494709677e-09,29,False
1M,30,Historical Median,OLS,3702,-4.430162671132465,9.416203216705554e-06,29,False
1M,30,Historical Median,Persistence Direction,3702,-2.6922190649356765,0.007097830638143288,29,False
1M,30,Historical Median,Random Walk with Drift,3702,-1.3756857191934029,0.16891895513816313,29,False
1M,30,Historical Median,VS-LSTM,3702,-3.1561099730142845,0.0015988856411153218,29,False
1M,30,Historical Median,Zero Return,3702,-0.916489316838705,0.35941030817992314,29,False
1M,30,LSTM,Majority Direction,3702,-5.226382710168202,1.7285838471714499e-07,29,False
1M,30,LSTM,OLS,3702,-3.8292240476023243,0.00012854793682759436,29,False
1M,30,LSTM,Persistence Direction,3702,-1.51371062213042,0.13009924970135467,29,False
1M,30,LSTM,Random Walk with Drift,3702,-0.13354628960458315,0.8937613582824795,29,False
1M,30,LSTM,VS-LSTM,3702,-2.6587130913814137,0.007843972929772569,29,False
1M,30,LSTM,Zero Return,3702,0.24648824934654578,0.8053042995569235,29,False
1M,30,Majority Direction,OLS,3702,4.907582202740793,9.220601331350053e-07,29,False
1M,30,Majority Direction,Persistence Direction,3702,4.64216462310314,3.44777982785871e-06,29,False
1M,30,Majority Direction,Random Walk with Drift,3702,6.774674912102248,1.2468692744960208e-11,29,False
1M,30,Majority Direction,VS-LSTM,3702,4.620277440759565,3.832272364112654e-06,29,False
1M,30,Majority Direction,Zero Return,3702,4.7705190629612515,1.8375179398066877e-06,29,False
1M,30,OLS,Persistence Direction,3702,3.0485219133157853,0.00229970139956559,29,False
1M,30,OLS,Random Walk with Drift,3702,5.14124026538814,2.729307628790423e-07,29,False
1M,30,OLS,VS-LSTM,3702,2.7621437388467727,0.005742319192052481,29,False
1M,30,OLS,Zero Return,3702,3.311253062855943,0.000928791732649703,29,False
1M,30,Persistence Direction,Random Walk with Drift,3702,0.6600734487901209,0.5092066963687765,29,False
1M,30,Persistence Direction,VS-LSTM,3702,-1.2240901885410644,0.22091820687636332,29,False
1M,30,Persistence Direction,Zero Return,3702,3.001580642009286,0.0026858189030505297,29,False
1M,30,Random Walk with Drift,VS-LSTM,3702,-1.6919137937309447,0.09066241157149779,29,False
1M,30,Random Walk with Drift,Zero Return,3702,0.2192514472458297,0.8264541811669932,29,False
1M,30,VS-LSTM,Zero Return,3702,2.2483269226036446,0.024555351201400955,29,False
24M,730,ARIMA,Adaptive Ensemble,2302,5.242608908841567,1.5832188449138584e-07,729,False
24M,730,ARIMA,GLS,2302,0.2330235146823742,0.8157431462514044,729,False
24M,730,ARIMA,GLS-LSTM,2302,-0.2278066756899636,0.8197965366930846,729,False
24M,730,ARIMA,Historical Mean,2302,2.175252208937703,0.029611221717823266,729,False
24M,730,ARIMA,Historical Median,2302,3.305689075819319,0.000947431573881774,729,False
24M,730,ARIMA,LSTM,2302,1.7828271128568427,0.07461445079052398,729,False
24M,730,ARIMA,Majority Direction,2302,1.6092070158858274,0.10757108282478312,729,False
24M,730,ARIMA,OLS,2302,2.482253469346418,0.013055437196380693,729,False
24M,730,ARIMA,Persistence Direction,2302,-2.4871423994514568,0.012877384304176953,729,False
24M,730,ARIMA,Random Walk with Drift,2302,2.175252208937703,0.029611221717823266,729,False
24M,730,ARIMA,VS-LSTM,2302,1.4946175875319974,0.1350142734436699,729,False
24M,730,ARIMA,Zero Return,2302,0.8835304985633168,0.3769497117391869,729,False
24M,730,Adaptive Ensemble,GLS,2302,-2.27547428338262,0.022877493669870352,729,False
24M,730,Adaptive Ensemble,GLS-LSTM,2302,-3.061875693371247,0.0021995477521881135,729,False
24M,730,Adaptive Ensemble,Historical Mean,2302,-2.854993089705261,0.00430377653462144,729,False
24M,730,Adaptive Ensemble,Historical Median,2302,-2.794437738134466,0.005199005107993759,729,False
24M,730,Adaptive Ensemble,LSTM,2302,-1.785813111075296,0.07412952313830168,729,False
24M,730,Adaptive Ensemble,Majority Direction,2302,-2.925447936214864,0.003439607257720745,729,False
24M,730,Adaptive Ensemble,OLS,2302,-2.828463187049849,0.004677208001874877,729,False
24M,730,Adaptive Ensemble,Persistence Direction,2302,-8.289000219107612,2.220446049250313e-16,729,False
24M,730,Adaptive Ensemble,Random Walk with Drift,2302,-2.854993089705261,0.00430377653462144,729,False
24M,730,Adaptive Ensemble,VS-LSTM,2302,-2.4452341565586986,0.014475812407269473,729,False
24M,730,Adaptive Ensemble,Zero Return,2302,-2.88822065345311,0.0038742798681106194,729,False
24M,730,GLS,GLS-LSTM,2302,-1.7152923087728293,0.08629164798393707,729,False
24M,730,GLS,Historical Mean,2302,0.42651820813896785,0.6697302831007903,729,False
24M,730,GLS,Historical Median,2302,0.6776166916063846,0.4980147600489073,729,False
24M,730,GLS,LSTM,2302,2.2124468084920084,0.02693580765857817,729,False
24M,730,GLS,Majority Direction,2302,0.29423385444085765,0.7685792128936415,729,False
24M,730,GLS,OLS,2302,0.6591912203598504,0.5097729840582383,729,False
24M,730,GLS,Persistence Direction,2302,-3.412151164709958,0.0006445236078274075,729,False
24M,730,GLS,Random Walk with Drift,2302,0.42651820813896785,0.6697302831007903,729,False
24M,730,GLS,VS-LSTM,2302,1.4821180493114767,0.13830888699656763,729,False
24M,730,GLS,Zero Return,2302,0.8407884465344649,0.4004664607132633,729,False
24M,730,GLS-LSTM,Historical Mean,2302,0.7944469579942653,0.4269352763000098,729,False
24M,730,GLS-LSTM,Historical Median,2302,1.0880909395454634,0.276554963167293,729,False
24M,730,GLS-LSTM,LSTM,2302,3.135186575417722,0.0017174484291488934,729,False
24M,730,GLS-LSTM,Majority Direction,2302,0.6485818098103582,0.516608716126842,729,False
24M,730,GLS-LSTM,OLS,2302,1.0732255852914743,0.2831699138357817,729,False
24M,730,GLS-LSTM,Persistence Direction,2302,-3.821292237267971,0.00013275422686631622,729,False
24M,730,GLS-LSTM,Random Walk with Drift,2302,0.7944469579942653,0.4269352763000098,729,False
24M,730,GLS-LSTM,VS-LSTM,2302,2.4774625410276263,0.013232029761041542,729,False
24M,730,GLS-LSTM,Zero Return,2302,2.1963008651257243,0.028070415858958198,729,False
24M,730,Historical Mean,Historical Median,2302,1.9552254757353003,0.05055646289916904,729,False
24M,730,Historical Mean,LSTM,2302,0.49705194316937146,0.6191524222833489,729,False
24M,730,Historical Mean,Majority Direction,2302,-3.7436045641771227,0.00018139906164060804,729,False
24M,730,Historical Mean,OLS,2302,1.1812697924897755,0.2374955634230731,729,False
24M,730,Historical Mean,Persistence Direction,2302,-2.8181134135885664,0.004830674341530061,729,False
24M,730,Historical Mean,Random Walk with Drift,2302,,,729,False
24M,730,Historical Mean,VS-LSTM,2302,0.27521679957807227,0.7831496809641103,729,False
24M,730,Historical Mean,Zero Return,2302,-0.0441607810439645,0.9647762437296483,729,False
24M,730,Historical Median,LSTM,2302,0.23771263266719972,0.8121039850397622,729,False
24M,730,Historical Median,Majority Direction,2302,-2.5326482865491124,0.011320447656189003,729,False
24M,730,Historical Median,OLS,2302,0.023493813570289096,0.9812563731801938,729,False
24M,730,Historical Median,Persistence Direction,2302,-3.423984117311396,0.0006171022748697741,729,False
24M,730,Historical Median,Random Walk with Drift,2302,-1.9552254757353003,0.05055646289916904,729,False
24M,730,Historical Median,VS-LSTM,2302,-0.012032900362913818,0.9903993662597101,729,False
24M,730,Historical Median,Zero Return,2302,-0.33224865612169824,0.7397015061952774,729,False
24M,730,LSTM,Majority Direction,2302,-0.6361956268883201,0.5246489231418447,729,False
24M,730,LSTM,OLS,2302,-0.2284688089603082,0.819281801764852,729,False
24M,730,LSTM,Persistence Direction,2302,-7.106475140751983,1.1903811270030928e-12,729,False
24M,730,LSTM,Random Walk with Drift,2302,-0.49705194316937146,0.6191524222833489,729,False
24M,730,LSTM,VS-LSTM,2302,-1.9848263841068698,0.04716379097629053,729,False
24M,730,LSTM,Zero Return,2302,-1.5774598739122974,0.11468974799566212,729,False
24M,730,Majority Direction,OLS,2302,1.6753034655623444,0.09387470584398949,729,False
24M,730,Majority Direction,Persistence Direction,2302,-2.554920106496345,0.010621217346106215,729,False
24M,730,Majority Direction,Random Walk with Drift,2302,3.7436045641771227,0.00018139906164060804,729,False
24M,730,Majority Direction,VS-LSTM,2302,0.4282191014938829,0.66849161067566,729,False
24M,730,Majority Direction,Zero Return,2302,0.1070925776909808,0.9147155354489946,729,False
24M,730,OLS,Persistence Direction,2302,-3.5171811213271678,0.0004361560575572021,729,False
24M,730,OLS,Random Walk with Drift,2302,-1.1812697924897755,0.2374955634230731,729,False
24M,730,OLS,VS-LSTM,2302,-0.016260818088718394,0.9870263160412285,729,False
24M,730,OLS,Zero Return,2302,-0.341150215329647,0.7329904998387069,729,False
24M,730,Persistence Direction,Random Walk with Drift,2302,2.8181134135885664,0.004830674341530061,729,False
24M,730,Persistence Direction,VS-LSTM,2302,7.61197931661045,2.708944180085382e-14,729,False
24M,730,Persistence Direction,Zero Return,2302,15.65696783388899,0.0,729,False
24M,730,Random Walk with Drift,VS-LSTM,2302,0.27521679957807227,0.7831496809641103,729,False
24M,730,Random Walk with Drift,Zero Return,2302,-0.0441607810439645,0.9647762437296483,729,False
24M,730,VS-LSTM,Zero Return,2302,-1.1066688648599043,0.2684371214188044,729,False
2M,60,ARIMA,Adaptive Ensemble,3642,2.1223663155110426,0.033806988565724616,59,False
2M,60,ARIMA,GLS,3642,-1.8498974305092553,0.06432833430880591,59,False
2M,60,ARIMA,GLS-LSTM,3642,-1.5365426156812099,0.1244053542662209,59,False
2M,60,ARIMA,Historical Mean,3642,0.9073096365868465,0.3642430796247256,59,False
2M,60,ARIMA,Historical Median,3642,1.0574341455759084,0.2903134948354402,59,False
2M,60,ARIMA,LSTM,3642,0.17554626118284447,0.8606504239242732,59,False
2M,60,ARIMA,Majority Direction,3642,-3.6059017639883466,0.0003110708064757439,59,False
2M,60,ARIMA,OLS,3642,-2.7006162486257304,0.006921114512645987,59,False
2M,60,ARIMA,Persistence Direction,3642,0.10564596385346608,0.9158632549043846,59,False
2M,60,ARIMA,Random Walk with Drift,3642,0.9073096365868465,0.3642430796247256,59,False
2M,60,ARIMA,VS-LSTM,3642,0.38677527859274596,0.6989225804223262,59,False
2M,60,ARIMA,Zero Return,3642,0.6674436154448409,0.5044888142028114,59,False
2M,60,Adaptive Ensemble,GLS,3642,-1.8500497409834173,0.06430638076563744,59,False
2M,60,Adaptive Ensemble,GLS-LSTM,3642,-1.5367427589515288,0.12435631571555472,59,False
2M,60,Adaptive Ensemble,Historical Mean,3642,-4.1200462545557075,3.787963472867695e-05,59,False
2M,60,Adaptive Ensemble,Historical Median,3642,-3.8559952887661573,0.0001152597073321715,59,False
2M,60,Adaptive Ensemble,LSTM,3642,-3.651464834392769,0.00026074880689286317,59,False
2M,60,Adaptive Ensemble,Majority Direction,3642,-5.507050581614805,3.648954427504236e-08,59,False
2M,60,Adaptive Ensemble,OLS,3642,-4.445449047478981,8.770846776862129e-06,59,False
2M,60,Adaptive Ensemble,Persistence Direction,3642,-3.5961477907834314,0.0003229643578612773,59,False
2M,60,Adaptive Ensemble,Random Walk with Drift,3642,-4.1200462545557075,3.787963472867695e-05,59,False
2M,60,Adaptive Ensemble,VS-LSTM,3642,-3.2180637044137597,0.0012905915024408188,59,False
2M,60,Adaptive Ensemble,Zero Return,3642,-2.2651338098815406,0.023504469419781238,59,False
2M,60,GLS,GLS-LSTM,3642,2.5415557071763604,0.0110360358139161,59,False
2M,60,GLS,Historical Mean,3642,1.8499586734893274,0.06431950619852289,59,False
2M,60,GLS,Historical Median,3642,1.8499628164991002,0.06431890902419979,59,False
2M,60,GLS,LSTM,3642,1.8499079093706883,0.0643268237211756,59,False
2M,60,GLS,Majority Direction,3642,1.8496547300194033,0.06436332916241083,59,False
2M,60,GLS,OLS,3642,1.8496748227606814,0.06436043140429559,59,False
2M,60,GLS,Persistence Direction,3642,1.849904491727497,0.06432731639071276,59,False
2M,60,GLS,Random Walk with Drift,3642,1.8499586734893274,0.06431950619852289,59,False
2M,60,GLS,VS-LSTM,3642,1.8499215103504338,0.06432486310605556,59,False
2M,60,GLS,Zero Return,3642,1.8499427605254857,0.06432179993911835,59,False
2M,60,GLS-LSTM,Historical Mean,3642,1.536622416712523,0.12438579983031461,59,False
2M,60,GLS-LSTM,Historical Median,3642,1.5366288113710243,0.1243842329876681,59,False
2M,60,GLS-LSTM,LSTM,3642,1.536557704816406,0.12440165664236846,59,False
2M,60,GLS-LSTM,Majority Direction,3642,1.53620479630613,0.12448816005162477,59,False
2M,60,GLS-LSTM,OLS,3642,1.5362260005041743,0.1244829612457734,59,False
2M,60,GLS-LSTM,Persistence Direction,3642,1.5365524453479158,0.12440294547628916,59,False
2M,60,GLS-LSTM,Random Walk with Drift,3642,1.536622416712523,0.12438579983031461,59,False
2M,60,GLS-LSTM,VS-LSTM,3642,1.536575824038647,0.12439721660268721,59,False
2M,60,GLS-LSTM,Zero Return,3642,1.5366041170517286,0.12439028376529726,59,False
2M,60,Historical Mean,Historical Median,3642,0.9463928149032494,0.34394826878021667,59,False
2M,60,Historical Mean,LSTM,3642,-1.0108098480195145,0.3121074487591109,59,False
2M,60,Historical Mean,Majority Direction,3642,-4.880650014047246,1.0573674618097328e-06,59,False
2M,60,Historical Mean,OLS,3642,-3.7046013426701587,0.00021172344967790302,59,False
2M,60,Historical Mean,Persistence Direction,3642,-1.0872420597222807,0.27692984732704007,59,False
2M,60,Historical Mean,Random Walk with Drift,3642,,,59,False
2M,60,Historical Mean,VS-LSTM,3642,-0.6222766925100853,0.5337599443046404,59,False
2M,60,Historical Mean,Zero Return,3642,0.01447868105135249,0.9884480875385604,59,False
2M,60,Historical Median,LSTM,3642,-1.6833995503402004,0.09229777026154018,59,False
2M,60,Historical Median,Majority Direction,3642,-4.422509065465133,9.756125441295893e-06,59,False
2M,60,Historical Median,OLS,3642,-3.547232369718057,0.00038930106040235835,59,False
2M,60,Historical Median,Persistence Direction,3642,-1.7823103205355098,0.07469864062228071,59,False
2M,60,Historical Median,Random Walk with Drift,3642,-0.9463928149032494,0.34394826878021667,59,False
2M,60,Historical Median,VS-LSTM,3642,-1.2058438663120994,0.22787769795899382,59,False
2M,60,Historical Median,Zero Return,3642,-0.2885131036139556,0.7729540015327541,59,False
2M,60,LSTM,Majority Direction,3642,-3.1185113949057186,0.0018176711325084138,59,False
2M,60,LSTM,OLS,3642,-2.804060546212945,0.0050463427698075325,59,False
2M,60,LSTM,Persistence Direction,3642,-0.26904126499937114,0.7878979280770806,59,False
2M,60,LSTM,Random Walk with Drift,3642,1.0108098480195145,0.3121074487591109,59,False
2M,60,LSTM,VS-LSTM,3642,0.988979212665674,0.322673312279407,59,False
2M,60,LSTM,Zero Return,3642,1.7752199323522329,0.07586157980961095,59,False
2M,60,Majority Direction,OLS,3642,-0.20396903310972694,0.8383776981781854,59,False
2M,60,Majority Direction,Persistence Direction,3642,2.9448019446573395,0.003231614530138538,59,False
2M,60,Majority Direction,Random Walk with Drift,3642,4.880650014047246,1.0573674618097328e-06,59,False
2M,60,Majority Direction,VS-LSTM,3642,3.2749791427854076,0.0010566977500263697,59,False
2M,60,Majority Direction,Zero Return,3642,3.1660347003255143,0.001545323578813429,59,False
2M,60,OLS,Persistence Direction,3642,2.597523685600177,0.009389864409174109,59,False
2M,60,OLS,Random Walk with Drift,3642,3.7046013426701587,0.00021172344967790302,59,False
2M,60,OLS,VS-LSTM,3642,2.8576689668199293,0.004267653533576166,59,False
2M,60,OLS,Zero Return,3642,2.8204403447810993,0.004795778950863472,59,False
2M,60,Persistence Direction,Random Walk with Drift,3642,1.0872420597222807,0.27692984732704007,59,False
2M,60,Persistence Direction,VS-LSTM,3642,0.9625781130137648,0.3357592856354905,59,False
2M,60,Persistence Direction,Zero Return,3642,4.102490477444103,4.087266822527802e-05,59,False
2M,60,Random Walk with Drift,VS-LSTM,3642,-0.6222766925100853,0.5337599443046404,59,False
2M,60,Random Walk with Drift,Zero Return,3642,0.01447868105135249,0.9884480875385604,59,False
2M,60,VS-LSTM,Zero Return,3642,1.0834162801341347,0.27862369269984866,59,False
36M,1095,ARIMA,Adaptive Ensemble,1572,5.04348440504093,4.5713004026559645e-07,1094,False
36M,1095,ARIMA,GLS,1572,-2.0754205957400846,0.03794757101407953,1094,False
36M,1095,ARIMA,GLS-LSTM,1572,-0.6799301731658203,0.49654867531773506,1094,False
36M,1095,ARIMA,Historical Mean,1572,-1.7301904079729924,0.08359626154233468,1094,False
36M,1095,ARIMA,Historical Median,1572,-8.814238376554847,0.0,1094,False
36M,1095,ARIMA,LSTM,1572,2.5089541701701594,0.012108919358620573,1094,False
36M,1095,ARIMA,Majority Direction,1572,-1.8234575685845906,0.06823411798675538,1094,False
36M,1095,ARIMA,OLS,1572,-0.7858256732195361,0.43196962369781056,1094,False
36M,1095,ARIMA,Persistence Direction,1572,-6.599940192168165,4.11324307947325e-11,1094,False
36M,1095,ARIMA,Random Walk with Drift,1572,-1.7301904079729924,0.08359626154233468,1094,False
36M,1095,ARIMA,VS-LSTM,1572,1.7478851352755815,0.08048391930978749,1094,False
36M,1095,ARIMA,Zero Return,1572,0.17764052131626942,0.8590052992188364,1094,False
36M,1095,Adaptive Ensemble,GLS,1572,-2.5852003425015653,0.00973224289962249,1094,False
36M,1095,Adaptive Ensemble,GLS-LSTM,1572,-4.112298183563137,3.917398758379598e-05,1094,False
36M,1095,Adaptive Ensemble,Historical Mean,1572,-4.447542535621428,8.685826322851753e-06,1094,False
36M,1095,Adaptive Ensemble,Historical Median,1572,-8.296455771904682,0.0,1094,False
36M,1095,Adaptive Ensemble,LSTM,1572,-6.135388091520757,8.495155690013689e-10,1094,False
36M,1095,Adaptive Ensemble,Majority Direction,1572,-4.472761919004772,7.72157328143841e-06,1094,False
36M,1095,Adaptive Ensemble,OLS,1572,-3.628069992734003,0.0002855478572230119,1094,False
36M,1095,Adaptive Ensemble,Persistence Direction,1572,-13.430704460285051,0.0,1094,False
36M,1095,Adaptive Ensemble,Random Walk with Drift,1572,-4.447542535621428,8.685826322851753e-06,1094,False
36M,1095,Adaptive Ensemble,VS-LSTM,1572,-8.90009464907279,0.0,1094,False
36M,1095,Adaptive Ensemble,Zero Return,1572,-3.917612607374663,8.943027296060002e-05,1094,False
36M,1095,GLS,GLS-LSTM,1572,2.1230893148066143,0.03374636823769017,1094,False
36M,1095,GLS,Historical Mean,1572,1.9970052917714396,0.04582460814243339,1094,False
36M,1095,GLS,Historical Median,1572,1.8739362780556656,0.06093920847703327,1094,False
36M,1095,GLS,LSTM,1572,2.435449960614903,0.014873281602684196,1094,False
36M,1095,GLS,Majority Direction,1572,1.9945401856006573,0.04609305289976939,1094,False
36M,1095,GLS,OLS,1572,2.103971264309891,0.035380953718855856,1094,False
36M,1095,GLS,Persistence Direction,1572,0.9989263020776039,0.317830393741694,1094,False
36M,1095,GLS,Random Walk with Drift,1572,1.9970052917714396,0.04582460814243339,1094,False
36M,1095,GLS,VS-LSTM,1572,2.3756815307894885,0.017516573839130967,1094,False
36M,1095,GLS,Zero Return,1572,2.3829988722569118,0.017172246937124713,1094,False
36M,1095,GLS-LSTM,Historical Mean,1572,0.42728446752873456,0.6691721446827721,1094,False
36M,1095,GLS-LSTM,Historical Median,1572,-0.2661428555152369,0.7901291908694865,1094,False
36M,1095,GLS-LSTM,LSTM,1572,3.236087477379035,0.0012118024138052519,1094,False
36M,1095,GLS-LSTM,Majority Direction,1572,0.4170123397937572,0.6766693818810152,1094,False
36M,1095,GLS-LSTM,OLS,1572,-0.8382074014117209,0.4019142309230461,1094,False
36M,1095,GLS-LSTM,Persistence Direction,1572,-9.626248815066566,0.0,1094,False
36M,1095,GLS-LSTM,Random Walk with Drift,1572,0.42728446752873456,0.6691721446827721,1094,False
36M,1095,GLS-LSTM,VS-LSTM,1572,2.5618681044060274,0.010411084815741711,1094,False
36M,1095,GLS-LSTM,Zero Return,1572,2.2692088452892545,0.02325562862533248,1094,False
36M,1095,Historical Mean,Historical Median,1572,-4.450085544202624,8.583609226286981e-06,1094,False
36M,1095,Historical Mean,LSTM,1572,2.45836931141475,0.013956956456738556,1094,False
36M,1095,Historical Mean,Majority Direction,1572,-12.09888422823753,0.0,1094,False
36M,1095,Historical Mean,OLS,1572,-0.555404855002961,0.5786177725366575,1094,False
36M,1095,Historical Mean,Persistence Direction,1572,-5.66502323868081,1.4700461292704858e-08,1094,False
36M,1095,Historical Mean,Random Walk with Drift,1572,,,1094,False
36M,1095,Historical Mean,VS-LSTM,1572,1.811202443424514,0.07010952012766403,1094,False
36M,1095,Historical Mean,Zero Return,1572,0.38628174587212283,0.6992880180638477,1094,False
36M,1095,Historical Median,LSTM,1572,5.035293383380454,4.77117515274017e-07,1094,False
36M,1095,Historical Median,Majority Direction,1572,4.394348770602399,1.1110531691782555e-05,1094,False
36M,1095,Historical Median,OLS,1572,0.033069059006803785,0.9736195165844186,1094,False
36M,1095,Historical Median,Persistence Direction,1572,-5.581706997861327,2.3816936867149252e-08,1094,False
36M,1095,Historical Median,Random Walk with Drift,1572,4.450085544202624,8.583609226286981e-06,1094,False
36M,1095,Historical Median,VS-LSTM,1572,4.081224422483791,4.479907226184743e-05,1094,False
36M,1095,Historical Median,Zero Return,1572,1.3537834619591815,0.17580547141114833,1094,False
36M,1095,LSTM,Majority Direction,1572,-2.4797529533608325,0.01314734389406813,1094,False
36M,1095,LSTM,OLS,1572,-2.999173246278112,0.0027071332520745006,1094,False
36M,1095,LSTM,Persistence Direction,1572,-12.594195113349448,0.0,1094,False
36M,1095,LSTM,Random Walk with Drift,1572,-2.45836931141475,0.013956956456738556,1094,False
36M,1095,LSTM,VS-LSTM,1572,-5.560346535406574,2.6923951068624774e-08,1094,False
36M,1095,LSTM,Zero Return,1572,-2.4579404984721354,0.013973632392540347,1094,False
36M,1095,Majority Direction,OLS,1572,-0.5463025798963915,0.5848579631423825,1094,False
36M,1095,Majority Direction,Persistence Direction,1572,-5.653271732167412,1.5742213310687703e-08,1094,False
36M,1095,Majority Direction,Random Walk with Drift,1572,12.09888422823753,0.0,1094,False
36M,1095,Majority Direction,VS-LSTM,1572,1.8318940086640387,0.0669672133622794,1094,False
36M,1095,Majority Direction,Zero Return,1572,0.3986092426345282,0.6901811502461928,1094,False
36M,1095,OLS,Persistence Direction,1572,-7.705937961722293,1.2878587085651816e-14,1094,False
36M,1095,OLS,Random Walk with Drift,1572,0.555404855002961,0.5786177725366575,1094,False
36M,1095,OLS,VS-LSTM,1572,2.434524988857752,0.01491135021147394,1094,False
36M,1095,OLS,Zero Return,1572,2.1170308186815245,0.03425723230045041,1094,False
36M,1095,Persistence Direction,Random Walk with Drift,1572,5.66502323868081,1.4700461292704858e-08,1094,False
36M,1095,Persistence Direction,VS-LSTM,1572,12.847035915375075,0.0,1094,False
36M,1095,Persistence Direction,Zero Return,1572,24.948076472386806,0.0,1094,False
36M,1095,Random Walk with Drift,VS-LSTM,1572,1.811202443424514,0.07010952012766403,1094,False
36M,1095,Random Walk with Drift,Zero Return,1572,0.38628174587212283,0.6992880180638477,1094,False
36M,1095,VS-LSTM,Zero Return,1572,-1.685948831665186,0.09180565530275442,1094,False
3M,90,ARIMA,Adaptive Ensemble,3582,2.429078280849569,0.015137263624008135,89,False
3M,90,ARIMA,GLS,3582,-1.2673243858726002,0.20503932442869477,89,False
3M,90,ARIMA,GLS-LSTM,3582,-1.1268095216471332,0.2598230238905028,89,False
3M,90,ARIMA,Historical Mean,3582,0.44950866173199766,0.6530647611172786,89,False
3M,90,ARIMA,Historical Median,3582,0.6368877403613665,0.5241979688893927,89,False
3M,90,ARIMA,LSTM,3582,-0.057553796218618954,0.9541040539030063,89,False
3M,90,ARIMA,Majority Direction,3582,-2.7647380741356966,0.005696851896030308,89,False
3M,90,ARIMA,OLS,3582,-2.5325557718220963,0.011323435464083875,89,False
3M,90,ARIMA,Persistence Direction,3582,-0.27046738227317346,0.7868007072855561,89,False
3M,90,ARIMA,Random Walk with Drift,3582,0.44950866173199766,0.6530647611172786,89,False
3M,90,ARIMA,VS-LSTM,3582,0.24762198912845873,0.804426895625191,89,False
3M,90,ARIMA,Zero Return,3582,0.4358644103028571,0.6629351081996897,89,False
3M,90,Adaptive Ensemble,GLS,3582,-1.267547328653236,0.2049596517303427,89,False
3M,90,Adaptive Ensemble,GLS-LSTM,3582,-1.1270790820802454,0.25970904656548743,89,False
3M,90,Adaptive Ensemble,Historical Mean,3582,-6.00200577740598,1.948947669916379e-09,89,False
3M,90,Adaptive Ensemble,Historical Median,3582,-5.362885768459967,8.190280520459225e-08,89,False
3M,90,Adaptive Ensemble,LSTM,3582,-3.623557826350318,0.000290578201197933,89,False
3M,90,Adaptive Ensemble,Majority Direction,3582,-5.262688435189655,1.4196404052313483e-07,89,False
3M,90,Adaptive Ensemble,OLS,3582,-3.8181765389430984,0.00013444170862486615,89,False
3M,90,Adaptive Ensemble,Persistence Direction,3582,-4.220719101541439,2.435242344289712e-05,89,False
3M,90,Adaptive Ensemble,Random Walk with Drift,3582,-6.00200577740598,1.948947669916379e-09,89,False
3M,90,Adaptive Ensemble,VS-LSTM,3582,-3.245589699775308,0.0011720763295095527,89,False
3M,90,Adaptive Ensemble,Zero Return,3582,-2.555827989776142,0.010593547135691939,89,False
3M,90,GLS,GLS-LSTM,3582,1.7957026845477915,0.07254181471464882,89,False
3M,90,GLS,Historical Mean,3582,1.2673656382441612,0.20502458043841454,89,False
3M,90,GLS,Historical Median,3582,1.2673762763881011,0.20502077838952593,89,False
3M,90,GLS,LSTM,3582,1.2673193213864413,0.20504113457738304,89,False
3M,90,GLS,Majority Direction,3582,1.2670047197605157,0.20515360227133161,89,False
3M,90,GLS,OLS,3582,1.2667175199848537,0.20525631316222026,89,False
3M,90,GLS,Persistence Direction,3582,1.2673045240859204,0.20504642349523183,89,False
3M,90,GLS,Random Walk with Drift,3582,1.2673656382441612,0.20502458043841454,89,False
3M,90,GLS,VS-LSTM,3582,1.2673491828084678,0.20503046167535777,89,False
3M,90,GLS,Zero Return,3582,1.2673693356433031,0.20502325899040574,89,False
3M,90,GLS-LSTM,Historical Mean,3582,1.1268580597656326,0.25980249812626477,89,False
3M,90,GLS-LSTM,Historical Median,3582,1.1268715705239651,0.2597967849063476,89,False
3M,90,GLS-LSTM,LSTM,3582,1.1268028591440429,0.25982584141258735,89,False
3M,90,GLS-LSTM,Majority Direction,3582,1.1264129062455868,0.2599907863898294,89,False
3M,90,GLS-LSTM,OLS,3582,1.1260615177740305,0.2601394811905422,89,False
3M,90,GLS-LSTM,Persistence Direction,3582,1.126784120732312,0.2598337658583596,89,False
3M,90,GLS-LSTM,Random Walk with Drift,3582,1.1268580597656326,0.25980249812626477,89,False
3M,90,GLS-LSTM,VS-LSTM,3582,1.1268385742322784,0.2598107380195547,89,False
3M,90,GLS-LSTM,Zero Return,3582,1.1268637978401503,0.25980007168769026,89,False
3M,90,Historical Mean,Historical Median,3582,0.7913112094386211,0.4287624087923385,89,False
3M,90,Historical Mean,LSTM,3582,-0.6465281363107879,0.5179373815062354,89,False
3M,90,Historical Mean,Majority Direction,3582,-3.9501066818335753,7.811636754784246e-05,89,False
3M,90,Historical Mean,OLS,3582,-3.1074193137454,0.0018872849638151834,89,False
3M,90,Historical Mean,Persistence Direction,3582,-0.9906843257270324,0.32183974711697694,89,False
3M,90,Historical Mean,Random Walk with Drift,3582,,,89,False
3M,90,Historical Mean,VS-LSTM,3582,-0.17323645449937977,0.8624655702654078,89,False
3M,90,Historical Mean,Zero Return,3582,0.1542005291782653,0.8774516249573332,89,False
3M,90,Historical Median,LSTM,3582,-1.0570448263880874,0.2904911297716575,89,False
3M,90,Historical Median,Majority Direction,3582,-3.4820778110606225,0.0004975390952708381,89,False
3M,90,Historical Median,OLS,3582,-2.9897654799127276,0.002791917136261146,89,False
3M,90,Historical Median,Persistence Direction,3582,-1.697957420007138,0.08951579860453118,89,False
3M,90,Historical Median,Random Walk with Drift,3582,-0.7913112094386211,0.4287624087923385,89,False
3M,90,Historical Median,VS-LSTM,3582,-0.5531931448431624,0.5801311605573345,89,False
3M,90,Historical Median,Zero Return,3582,-0.06508470111967243,0.9481065613419923,89,False
3M,90,LSTM,Majority Direction,3582,-2.3861460805713866,0.017025986518325764,89,False
3M,90,LSTM,OLS,3582,-2.5610434228795254,0.010435831172431298,89,False
3M,90,LSTM,Persistence Direction,3582,-0.435939167548535,0.6628808665204768,89,False
3M,90,LSTM,Random Walk with Drift,3582,0.6465281363107879,0.5179373815062354,89,False
3M,90,LSTM,VS-LSTM,3582,0.6267405038391255,0.5308293489194851,89,False
3M,90,LSTM,Zero Return,3582,1.0545274872030443,0.291641482870749,89,False
3M,90,Majority Direction,OLS,3582,-1.784035939147754,0.07441782548082077,89,False
3M,90,Majority Direction,Persistence Direction,3582,2.134184485148398,0.03282768220717913,89,False
3M,90,Majority Direction,Random Walk with Drift,3582,3.9501066818335753,7.811636754784246e-05,89,False
3M,90,Majority Direction,VS-LSTM,3582,2.459504073991237,0.013912911854264465,89,False
3M,90,Majority Direction,Zero Return,3582,2.409811127408155,0.015960780804992636,89,False
3M,90,OLS,Persistence Direction,3582,2.368637029934717,0.017853765319504555,89,False
3M,90,OLS,Random Walk with Drift,3582,3.1074193137454,0.0018872849638151834,89,False
3M,90,OLS,VS-LSTM,3582,2.5382909815615156,0.011139532207805836,89,False
3M,90,OLS,Zero Return,3582,2.5498924246645442,0.010775616301476276,89,False
3M,90,Persistence Direction,Random Walk with Drift,3582,0.9906843257270324,0.32183974711697694,89,False
3M,90,Persistence Direction,VS-LSTM,3582,2.428686095260734,0.015153646055427128,89,False
3M,90,Persistence Direction,Zero Return,3582,4.605185920759464,4.120975179544573e-06,89,False
3M,90,Random Walk with Drift,VS-LSTM,3582,-0.17323645449937977,0.8624655702654078,89,False
3M,90,Random Walk with Drift,Zero Return,3582,0.1542005291782653,0.8774516249573332,89,False
3M,90,VS-LSTM,Zero Return,3582,0.8594438135563078,0.3900957060890784,89,False
6M,180,ARIMA,Adaptive Ensemble,3402,2.97038005303093,0.002974315310005027,179,False
6M,180,ARIMA,GLS,3402,-1.920349197971067,0.05481380590546325,179,False
6M,180,ARIMA,GLS-LSTM,3402,-1.5269227358529962,0.126780225255956,179,False
6M,180,ARIMA,Historical Mean,3402,0.5486641702348963,0.5832359391848048,179,False
6M,180,ARIMA,Historical Median,3402,0.5569707428174011,0.5775474188954406,179,False
6M,180,ARIMA,LSTM,3402,0.18048708939563604,0.8567701891305526,179,False
6M,180,ARIMA,Majority Direction,3402,-1.191809260613643,0.23333604380867046,179,False
6M,180,ARIMA,OLS,3402,-2.127393359965693,0.033387413398370924,179,False
6M,180,ARIMA,Persistence Direction,3402,-0.7743568631321042,0.438719785620012,179,False
6M,180,ARIMA,Random Walk with Drift,3402,0.5486641702348963,0.5832359391848048,179,False
6M,180,ARIMA,VS-LSTM,3402,0.148846610534184,0.8816746703885807,179,False
6M,180,ARIMA,Zero Return,3402,0.4192993588802157,0.6749973650667407,179,False
6M,180,Adaptive Ensemble,GLS,3402,-2.4439905965889954,0.014525805138564607,179,False
6M,180,Adaptive Ensemble,GLS-LSTM,3402,-3.03559098198582,0.0024006478250468977,179,False
6M,180,Adaptive Ensemble,Historical Mean,3402,-3.7366092000238025,0.00018651846719719423,179,False
6M,180,Adaptive Ensemble,Historical Median,3402,-3.994494473219516,6.48324336691708e-05,179,False
6M,180,Adaptive Ensemble,LSTM,3402,-4.254189372223673,2.0980768796086124e-05,179,False
6M,180,Adaptive Ensemble,Majority Direction,3402,-3.512574368720836,0.00044378778613851644,179,False
6M,180,Adaptive Ensemble,OLS,3402,-3.1322622961148054,0.00173464827991765,179,False
6M,180,Adaptive Ensemble,Persistence Direction,3402,-6.097787988701598,1.0754626078579577e-09,179,False
6M,180,Adaptive Ensemble,Random Walk with Drift,3402,-3.7366092000238025,0.00018651846719719423,179,False
6M,180,Adaptive Ensemble,VS-LSTM,3402,-4.209481652473756,2.5595722554339062e-05,179,False
6M,180,Adaptive Ensemble,Zero Return,3402,-2.887222344824313,0.0038865946916137872,179,False
6M,180,GLS,GLS-LSTM,3402,1.4481666924227483,0.14757043727405406,179,False
6M,180,GLS,Historical Mean,3402,2.0934125470035525,0.036312343340102915,179,False
6M,180,GLS,Historical Median,3402,2.110666590114958,0.03480097960894679,179,False
6M,180,GLS,LSTM,3402,1.979561971029222,0.04775276971931297,179,False
6M,180,GLS,Majority Direction,3402,1.8048742076342323,0.07109436871439478,179,False
6M,180,GLS,OLS,3402,1.2661772475209125,0.20544963140204553,179,False
6M,180,GLS,Persistence Direction,3402,1.841931016961843,0.06548524094479125,179,False
6M,180,GLS,Random Walk with Drift,3402,2.0934125470035525,0.036312343340102915,179,False
6M,180,GLS,VS-LSTM,3402,1.962255004671991,0.049732802919678853,179,False
6M,180,GLS,Zero Return,3402,2.0163768963075945,0.04376057953209034,179,False
6M,180,GLS-LSTM,Historical Mean,3402,1.764099002040954,0.07771531247558028,179,False
6M,180,GLS-LSTM,Historical Median,3402,1.8028360641106789,0.07141396449026938,179,False
6M,180,GLS-LSTM,LSTM,3402,1.7995000043205638,0.07193962323626013,179,False
6M,180,GLS-LSTM,Majority Direction,3402,0.644360430924949,0.5193417371115978,179,False
6M,180,GLS-LSTM,OLS,3402,-0.3112796663995809,0.7555880238329671,179,False
6M,180,GLS-LSTM,Persistence Direction,3402,1.4663435941622258,0.14255470467866793,179,False
6M,180,GLS-LSTM,Random Walk with Drift,3402,1.764099002040954,0.07771531247558028,179,False
6M,180,GLS-LSTM,VS-LSTM,3402,1.83166956600098,0.06700066553270889,179,False
6M,180,GLS-LSTM,Zero Return,3402,2.3960550496196618,0.016572601098162165,179,False
6M,180,Historical Mean,Historical Median,3402,0.16752686175401174,0.8669555135574316,179,False
6M,180,Historical Mean,LSTM,3402,-0.3624457196992069,0.7170189792459882,179,False
6M,180,Historical Mean,Majority Direction,3402,-2.781675227902013,0.005407912781923985,179,False
6M,180,Historical Mean,OLS,3402,-2.5667772334736982,0.010264853357508708,179,False
6M,180,Historical Mean,Persistence Direction,3402,-1.4828190477765628,0.13812249389914077,179,False
6M,180,Historical Mean,Random Walk with Drift,3402,,,179,False
6M,180,Historical Mean,VS-LSTM,3402,-0.4022718191355597,0.6874839919646525,179,False
6M,180,Historical Mean,Zero Return,3402,0.028127043744565296,0.9775608248138385,179,False
6M,180,Historical Median,LSTM,3402,-0.39537499251079117,0.6925661618974801,179,False
6M,180,Historical Median,Majority Direction,3402,-2.619252643074214,0.008812265612328174,179,False
6M,180,Historical Median,OLS,3402,-2.5146051747315696,0.011916575296841758,179,False
6M,180,Historical Median,Persistence Direction,3402,-1.5838457111011854,0.11322883414189144,179,False
6M,180,Historical Median,Random Walk with Drift,3402,-0.16752686175401174,0.8669555135574316,179,False
6M,180,Historical Median,VS-LSTM,3402,-0.43335328394689615,0.664758133564046,179,False
6M,180,Historical Median,Zero Return,3402,0.01656287869238553,0.9867853390056709,179,False
6M,180,LSTM,Majority Direction,3402,-1.1514025021483736,0.24956668493552758,179,False
6M,180,LSTM,OLS,3402,-1.936748251404616,0.05277612440650681,179,False
6M,180,LSTM,Persistence Direction,3402,-2.4464831749315383,0.01442575302806648,179,False
6M,180,LSTM,Random Walk with Drift,3402,0.3624457196992069,0.7170189792459882,179,False
6M,180,LSTM,VS-LSTM,3402,-0.0861716632619765,0.9313299563391577,179,False
6M,180,LSTM,Zero Return,3402,0.6017813019940241,0.5473197230026801,179,False
6M,180,Majority Direction,OLS,3402,-1.7658683101556223,0.07741794486378262,179,False
6M,180,Majority Direction,Persistence Direction,3402,0.4190503481180921,0.6751793367308474,179,False
6M,180,Majority Direction,Random Walk with Drift,3402,2.781675227902013,0.005407912781923985,179,False
6M,180,Majority Direction,VS-LSTM,3402,1.1367278549868807,0.25565207102815934,179,False
6M,180,Majority Direction,Zero Return,3402,1.1266773127746856,0.2598789379758495,179,False
6M,180,OLS,Persistence Direction,3402,1.3852494743331734,0.16597619738463054,179,False
6M,180,OLS,Random Walk with Drift,3402,2.5667772334736982,0.010264853357508708,179,False
6M,180,OLS,VS-LSTM,3402,1.8647999236700044,0.062209454013166576,179,False
6M,180,OLS,Zero Return,3402,1.7888913318799122,0.07363231805659964,179,False
6M,180,Persistence Direction,Random Walk with Drift,3402,1.4828190477765628,0.13812249389914077,179,False
6M,180,Persistence Direction,VS-LSTM,3402,2.471862725546735,0.013441111797573457,179,False
6M,180,Persistence Direction,Zero Return,3402,5.136444445000633,2.7998506713089455e-07,179,False
6M,180,Random Walk with Drift,VS-LSTM,3402,-0.4022718191355597,0.6874839919646525,179,False
6M,180,Random Walk with Drift,Zero Return,3402,0.028127043744565296,0.9775608248138385,179,False
6M,180,VS-LSTM,Zero Return,3402,0.7077576233815902,0.479095786400626,179,False
