horizon,horizon_days,model,n,RMSE_return,MAE_return,Directional_Accuracy_pct,Balanced_Accuracy_pct,F1_positive,MCC_direction,DA_coverage_pct,AlwaysUp_accuracy_same_coverage_pct,DA_excess_vs_AlwaysUp_pp,McNemar_exact_p_vs_AlwaysUp,Price_RMSE,Price_MAE,Price_MAPE_pct,Skill_vs_HistoricalMean,Skill_vs_ZeroReturn
12M,365,ARIMA,3032,120.29539272270505,97.02478943095821,62.5,41.28540305010893,0.7692307692307692,-0.22091716034082223,100.0,75.69261213720317,-13.19261213720317,7.745183829698637e-121,55569.29289709738,29812.433081416315,211.2407292590931,-0.4236528566686768,-0.22159537001494556
12M,365,Adaptive Ensemble,3032,52.37780848314349,35.79090082415308,92.05145118733509,83.69598827017616,0.950093186995237,0.7802168156092613,100.0,75.69261213720317,16.35883905013192,1.2195305963090422e-147,10409.171697096039,6140.807186308897,32.19468536071297,0.730101319117455,0.7684077425231549
12M,365,GLS,3032,133.88204313270626,109.71783379704398,61.21372031662269,74.37908496732027,0.6555360281195078,0.4334110276405642,100.0,75.69261213720317,-14.478891820580479,8.439363160101008e-24,17608.669173597773,10995.510822215705,66.85297094210837,-0.7633997627240725,-0.5131223707652162
12M,365,GLS-LSTM,3032,140.92454129200064,116.89347281058006,47.75725593667546,65.49019607843137,0.47305389221556887,0.31364591036035,100.0,75.69261213720317,-27.935356200527707,1.3419575016856523e-70,17765.13950963606,11077.256356391958,59.5012967291204,-0.9537967147647988,-0.6764964924750274
12M,365,Historical Mean,3032,100.82005786467478,81.41557396354533,75.69261213720317,50.0,0.8616482072461048,,100.0,75.69261213720317,0.0,,38711.261585394015,22829.72978060467,150.90587441909486,0.0,0.14192890191401175
12M,365,Historical Median,3032,100.51443237860079,82.61576164871678,75.69261213720317,50.0,0.8616482072461048,,100.0,75.69261213720317,0.0,,36966.21210398835,21906.086484031737,145.16254443164127,0.0060536019647445816,0.14712332279927554
12M,365,LSTM,3032,101.06761926966038,79.3146285065877,77.53957783641161,64.71448461790868,0.8580362726704189,0.332367501488939,100.0,75.69261213720317,1.8469656992084396,0.016810700330798217,17860.300060676484,11644.7202354275,68.62376706296263,-0.0049169847943237865,0.13770977937227424
12M,365,Majority Direction,3032,117.37273147629053,97.76246084634519,75.69261213720317,50.0,0.8616482072461048,,100.0,75.69261213720317,0.0,,55579.529673795085,32657.360069869348,227.78873180117944,-0.35531591560206754,-0.16295741595408275
12M,365,OLS,3032,145.09109999766025,127.58061204042266,75.69261213720317,50.0,0.8616482072461048,,100.0,75.69261213720317,0.0,,59308.512882967116,41614.97724468944,347.07612770982183,-1.0710360654634687,-0.7770961908679235
12M,365,Persistence Direction,3032,140.25083784669752,114.78442606353916,53.624627606752725,51.95654114664239,0.6430573248407644,0.03370212349145471,99.63720316622691,75.67030784508441,-22.045680238331684,1.5758150873738453e-74,31111.40951108077,18118.892682807116,111.5692891784529,-0.9351607374539492,-0.660505498960001
12M,365,Random Walk with Drift,3032,100.82005786467478,81.41557396354533,75.69261213720317,50.0,0.8616482072461048,,100.0,75.69261213720317,0.0,,38711.261585394015,22829.72978060467,150.90587441909486,0.0,0.14192890191401175
12M,365,VS-LSTM,3032,105.218231513304,86.88153182500334,68.60158311345647,62.67905865798754,0.7815511702615878,0.2332548018766155,100.0,75.69261213720317,-7.0910290237466995,5.10901969726978e-12,21915.342168977288,13618.377531327258,74.02355605179177,-0.08915104187234801,0.0654309695190961
12M,365,Zero Return,3032,108.83919107063704,89.25775331883958,,,,,0.0,,,,18326.6488869766,12051.308185026384,66.23331375276852,-0.16540459436356492,0.0
15D,15,ARIMA,3732,15.129315918859492,11.721707712893435,52.81350482315113,50.54357189420748,0.6242799231918071,0.011767302039888959,100.0,55.73419078242229,-2.920685959271161,0.001272193309517533,3358.075593326135,1784.497232339893,11.922447975043436,-0.05066821045251868,-0.06300347188781807
15D,15,Adaptive Ensemble,3732,14.93727341708658,10.714278271019193,58.22615219721329,53.77386384801639,0.7118832008870818,0.12105797634366976,100.0,55.73419078242229,2.4919614147909996,3.953095800477898e-06,3101.5072349786396,1609.668911830274,11.027214202095221,-0.024164387006150756,-0.036188483044045316
15D,15,GLS,3732,319.43725259171725,219.77596888449753,56.69882100750267,52.584280126653006,0.6948640483383686,0.07437438740377625,100.0,55.73419078242229,0.9646302250803842,0.12328490350341244,1860085.407661401,324226.28122531035,112990.22937550956,-467.37977423838964,-472.87873852488747
15D,15,GLS-LSTM,3732,71.6783218436319,45.38649000169185,49.08896034297964,50.27879959024026,0.4662921348314607,0.00566165973772812,100.0,55.73419078242229,-6.645230439442649,1.8888988649630924e-07,16751.376908588496,7589.593554107208,209.01302260028208,-22.58319635223265,-22.86007242937169
15D,15,Historical Mean,3732,14.76000468946474,11.002047592262704,55.73419078242229,50.0,0.7157604955264968,,100.0,55.73419078242229,0.0,,3277.529080132061,1691.8563339465588,11.274406185691689,0.0,-0.011740396552006205
15D,15,Historical Median,3732,14.606512443379692,10.839255034569547,55.73419078242229,50.0,0.7157604955264968,,100.0,55.73419078242229,0.0,,3236.0216912426135,1657.7929455217056,10.948984695122551,0.0206902573525114,0.009192772626586798
15D,15,LSTM,3732,14.915919957457408,11.097432573056107,53.456591639871384,49.19607934438443,0.674047663726778,-0.02379202738092312,100.0,55.73419078242229,-2.277599142550905,0.00012751676762206348,3222.284748871431,1655.9089345032605,11.099606924250116,-0.021238307978110216,-0.033228050687873045
15D,15,Majority Direction,3732,19.65439598439399,16.217371519027946,55.73419078242229,50.0,0.7157604955264968,,100.0,55.73419078242229,0.0,,4569.014209510487,2549.095771926442,18.077225020768648,-0.7731538218006722,-0.7939713508163175
15D,15,OLS,3732,15.842918911787809,12.077654973235129,56.18971061093247,51.71650912646675,0.6977260122018857,0.05494186289975635,100.0,55.73419078242229,0.4555198285101838,0.4254765455911604,3646.1728149455707,1890.7723374160921,12.695100827914324,-0.15211918314598427,-0.16564551923129178
15D,15,Persistence Direction,3732,14.759418236914323,11.004050260773038,54.24731182795699,53.90698667035137,0.5805815672745195,0.07783228517936208,99.67845659163987,55.61827956989247,-1.3709677419354804,0.22944258406220336,3228.200543475379,1654.9741686265043,10.90069225672127,7.946351131038476e-05,-0.011660000107561741
15D,15,Random Walk with Drift,3732,14.76000468946474,11.002047592262704,55.73419078242229,50.0,0.7157604955264968,,100.0,55.73419078242229,0.0,,3277.529080132061,1691.8563339465588,11.274406185691689,0.0,-0.011740396552006205
15D,15,VS-LSTM,3732,15.010486570849496,11.135449004963856,54.42122186495176,50.036552430620226,0.6834170854271356,0.001127080200622828,100.0,55.73419078242229,-1.3129689174705277,0.02186126923767138,3192.575381138765,1646.2610249698055,11.188024911402154,-0.03422861503230257,-0.04637086909821386
15D,15,Zero Return,3732,14.674116074579382,10.844069797616461,,,,,0.0,,,,3207.115517205487,1627.8248357449088,10.70676548648833,0.011604159122258317,0.0
1M,30,ARIMA,3702,23.366604095113136,18.13864303109573,52.95865982166982,49.90828420641265,0.6384215991692627,-0.0020647174536654756,99.97298757428416,56.44420426911646,-3.4855444474466424,4.0457258358566775e-05,5226.135366083608,2827.0881306694423,18.978988681795883,-0.12265994464117558,-0.13491948239687446
1M,30,Adaptive Ensemble,3702,21.00323464444434,15.785336869683322,58.76790056741421,53.83610178329832,0.7160401935243768,0.12043632748362179,99.97298757428416,56.44420426911646,2.3236962982977474,2.8979284856312768e-05,4419.736329505053,2396.8334121405765,16.237737548458927,0.092953826179757,0.08304880830930483
1M,30,GLS,3702,1427.5155210992923,691.6415522561701,56.44420426911646,52.039752122366124,0.6908323743766782,0.05579854513855759,99.97298757428416,56.44420426911646,0.0,1.0,1.4811417660393165e+23,1.2163998084253704e+22,3.0002252986949016e+21,-4189.045172228729,-4234.800805741992
1M,30,GLS-LSTM,3702,918.3130445175809,282.3237912711085,47.74385301269927,49.45334298648124,0.43876958792803256,-0.011249363006628913,99.97298757428416,56.44420426911646,-8.700351256417193,3.128559187537156e-11,2.6245977727744737e+21,2.1565632587022644e+20,5.2790027346977776e+19,-1732.9578415445242,-1751.8928019719222
1M,30,Historical Mean,3702,22.05319341503958,17.045540030913145,56.44420426911646,50.0,0.7215889464594128,,99.97298757428416,56.44420426911646,0.0,,4908.008686420924,2672.1420630984744,17.786055024792763,0.0,-0.010920081200204823
1M,30,Historical Median,3702,21.67230646543932,16.584963426663453,56.44420426911646,50.0,0.7215889464594128,,99.97298757428416,56.44420426911646,0.0,,4777.713866034663,2579.062201702699,16.718579915382826,0.034244269235868985,0.023698138236361688
1M,30,LSTM,3702,21.99820647221845,16.825662290404065,54.68792218319373,49.04624186480762,0.6981098109810981,-0.03878571299057186,99.97298757428416,56.44420426911646,-1.7562820859227344,2.6703260269155923e-05,4695.11443568215,2530.15060058475,16.75435168803784,0.004980538661805922,-0.005885154651791291
1M,30,Majority Direction,3702,29.137602397622025,23.99034689480228,56.44420426911646,50.0,0.7215889464594128,,99.97298757428416,56.44420426911646,0.0,,6999.255220894201,3876.7091724164893,28.3112272088202,-0.7456800659160787,-0.7647430339854611
1M,30,OLS,3702,25.50250908537632,20.217935301786547,55.87679005674142,50.12770722691352,0.7079234483992131,0.0056145195688485925,99.97298757428416,56.44420426911646,-0.5674142123750414,0.1560854757677103,5919.493376964067,3203.167557613947,22.471328083933276,-0.33728153842021724,-0.35188476140730063
1M,30,Persistence Direction,3702,22.38821410437772,17.191367685372217,53.537544049878015,53.13852813852814,0.5772076961026147,0.062417625945142365,99.64883846569423,56.35673624288425,-2.819192193006238,0.012827523737315836,4774.81822464105,2565.9647753512104,16.835723867641143,-0.0306137449901136,-0.041868130771452794
1M,30,Random Walk with Drift,3702,22.05319341503958,17.045540030913145,56.44420426911646,50.0,0.7215889464594128,,99.97298757428416,56.44420426911646,0.0,,4908.008686420924,2672.1420630984744,17.786055024792763,0.0,-0.010920081200204823
1M,30,VS-LSTM,3702,22.891409492724947,17.445679739178775,50.60794379897325,45.842855819268365,0.6543116490166414,-0.12039760366428245,99.97298757428416,56.44420426911646,-5.836260470143209,1.815913572932979e-22,4704.392391308394,2565.6955499025444,17.48101201786117,-0.07746233099002953,-0.0892283071346025
1M,30,Zero Return,3702,21.933759370414652,16.61559191980186,,,,,0.0,,,,4707.873612533515,2511.941566180443,16.172505939013444,0.010802121160003009,0.0
24M,730,ARIMA,2302,173.02759452843745,146.82853164536525,73.1537793223284,48.55824682814302,0.8449573507275464,-0.08528063596425975,100.0,75.32580364900086,-2.1720243266724566,1.7763568394002505e-15,141729.1007949114,84820.07809449718,455.5416633490823,-0.4824090412818045,-0.4419470138127577
24M,730,Adaptive Ensemble,2302,42.08174798570141,29.36181808664212,87.88010425716767,75.44014084507043,0.9255404323458767,0.6620296076793954,100.0,75.32580364900086,12.554300608166812,2.010764683385949e-87,9161.826996122552,6065.75632555775,27.091554789131177,0.9123150906863009,0.9147084309253782
24M,730,GLS,2302,164.50928889464095,135.9956982102511,55.77758470894874,70.58671231541499,0.5848287112561175,0.3831562330954023,100.0,75.32580364900086,-19.548218940052124,6.709621726044027e-30,18276.653762936043,13296.888574755365,62.98304396093698,-0.34004124282968107,-0.3034651129848802
24M,730,GLS-LSTM,2302,181.12297514761232,156.69032583594355,38.010425716768026,58.7931713696249,0.30151737640724424,0.2224033672023996,100.0,75.32580364900086,-37.315377932232835,5.326749814473416e-85,20852.848103394037,15342.284719751735,69.32851421625436,-0.6243679108096396,-0.5800311473410449
24M,730,Historical Mean,2302,142.1121934267841,116.10709296702336,75.32580364900086,50.0,0.8592666005946482,,100.0,75.32580364900086,0.0,,118223.78282967718,73541.08780531955,346.5033873064181,0.0,0.027294779202142516
24M,730,Historical Median,2302,129.8432076813359,101.93100133696416,75.32580364900086,50.0,0.8592666005946482,,100.0,75.32580364900086,0.0,,90757.21048099767,57801.30836685291,283.68278197703665,0.16521278991814248,0.18799812249809933
24M,730,LSTM,2302,119.01720127397087,90.3829920686472,75.15204170286707,49.884659746251444,0.8581349206349206,-0.023878366007293116,100.0,75.32580364900086,-0.17376194613379425,0.125,18514.48905672619,13859.752866032986,69.14692105351118,0.2986145025175956,0.3177586648069628
24M,730,Majority Direction,2302,148.97540239164653,121.91324876319642,75.32580364900086,50.0,0.8592666005946482,,100.0,75.32580364900086,0.0,,130900.23086172297,81924.25775839457,386.22244005737815,-0.09892094032498533,-0.06892613589820384
24M,730,OLS,2302,129.6622681031548,105.30237505495167,76.10773240660296,51.58450704225353,0.8631159780985566,0.15510956557089006,100.0,75.32580364900086,0.7819287576021026,7.62939453125e-06,110993.90723399672,65755.46637827902,274.5347241155883,0.16753776024568834,0.19025963327390338
24M,730,Persistence Direction,2302,236.65642476984144,195.3654957464355,52.85901353120907,50.29600040968914,0.6387959866220736,0.005134594248267531,99.52215464813206,75.29463116542995,-22.435617634220876,2.557509116518216e-60,89005.43268228223,49773.814775865954,231.9662263106739,-1.7731535247281127,-1.6974609115770156
24M,730,Random Walk with Drift,2302,142.1121934267841,116.10709296702336,75.32580364900086,50.0,0.8592666005946482,,100.0,75.32580364900086,0.0,,118223.78282967718,73541.08780531955,346.5033873064181,0.0,0.027294779202142516
24M,730,VS-LSTM,2302,130.34387763472407,102.51804312601992,75.32580364900086,50.0,0.8592666005946482,,100.0,75.32580364900086,0.0,,39264.87472135131,20944.098981307026,77.28324868317654,0.15876256914189046,0.18172395907374017
24M,730,Zero Return,2302,144.09228193515872,116.63632507955866,,,,,0.0,,,,21545.24498415247,15783.218807993051,64.58180795971829,-0.028060689527042992,0.0
2M,60,ARIMA,3642,34.78061642871573,27.18766144995047,55.6836902800659,52.19967881015795,0.6579058923272574,0.04787495177154262,100.0,58.37451949478309,-2.6908292147171835,0.0027410126332931602,9177.919181018675,4724.080926230993,29.6799994272937,-0.10358949819620156,-0.10503272941978059
2M,60,Adaptive Ensemble,3642,29.61867407006924,22.291838783754645,65.26633717737506,58.67581792954177,0.767163629670532,0.2959594112946374,100.0,58.37451949478309,6.891817682591977,1.8256990329157522e-47,6319.227118259076,3505.3827661737337,23.47673367172294,0.19967895948928904,0.1986323309046203
2M,60,GLS,3642,2147.640640114762,855.0709867440557,59.30807248764415,53.87515916768641,0.7123447204968945,0.10191214765545205,100.0,58.37451949478309,0.9335529928610597,0.18360204052021425,3.2084836453606276e+23,5.28959864356031e+22,1.7073416414626713e+22,-4206.811114877011,-4212.3139258351075
2M,60,GLS-LSTM,3642,1690.0325526029292,430.8842528301113,48.352553542009886,49.72448166562003,0.48423361667123666,-0.005507782596358096,100.0,58.37451949478309,-10.0219659527732,2.3183905493942172e-15,2.8349622050524987e+23,4.050126404641929e+22,1.4092167069447326e+22,-2604.6924165601063,-2608.100039286464
2M,60,Historical Mean,3642,33.10804183921996,26.27633496636931,58.37451949478309,50.0,0.7371705963938974,,100.0,58.37451949478309,0.0,,7841.595289671559,4341.876141725587,28.39534022895201,0.0,-0.0013077609255418565
2M,60,Historical Median,3642,32.75312688949848,26.020877641113213,58.37451949478309,50.0,0.7371705963938974,,100.0,58.37451949478309,0.0,,7627.026358414227,4260.392254159997,27.178233184182904,0.021324886852098213,0.020045013780323195
2M,60,LSTM,3642,34.355390727776694,27.366532098487234,57.111477210324004,51.44482683300362,0.6989205859676175,0.03892785152177597,100.0,58.37451949478309,-1.2630422844590825,0.06159594921397326,7252.480847143995,4127.193437867031,27.042938386018072,-0.07676961951994254,-0.07817777675416115
2M,60,Majority Direction,3642,44.32790696794141,36.60227003643757,58.37451949478309,50.0,0.7371705963938974,,100.0,58.37451949478309,0.0,,11424.6468709745,6257.3184852097575,47.62441966985722,-0.792616793623788,-0.7949611078209591
2M,60,OLS,3642,44.709562587566374,35.40950072127406,57.52333882482152,49.422342302985776,0.7288343558282209,-0.04367980259528103,100.0,58.37451949478309,-0.8511806699615647,0.00011705541630032304,9793.970562913353,5438.518244624941,45.78216960015022,-0.8236179204351892,-0.826002776694652
2M,60,Persistence Direction,3642,34.53278377428242,27.108100122235314,53.471074380165284,52.94595416988508,0.5842973172532612,0.05826530339051301,99.67051070840198,58.26446280991735,-4.7933884297520635,2.4237966580087835e-05,7639.876865902027,4208.007031016036,26.0329553844454,-0.08791806406448788,-0.08934080079886253
2M,60,Random Walk with Drift,3642,33.10804183921996,26.27633496636931,58.37451949478309,50.0,0.7371705963938974,,100.0,58.37451949478309,0.0,,7841.595289671559,4341.876141725587,28.39534022895201,0.0,-0.0013077609255418565
2M,60,VS-LSTM,3642,33.858557871416075,26.7190131191808,49.64305326743548,44.14883450780263,0.6408147277712495,-0.14957757270426286,100.0,58.37451949478309,-8.73146622734761,2.8494056948015223e-36,7528.868311053553,4205.907487495939,26.300910675147378,-0.04585125538976165,-0.04721897879548931
2M,60,Zero Return,3642,33.08641434788151,26.079904997314667,,,,,0.0,,,,7289.66133990266,4099.160978583196,24.634146395110925,0.0013060529205655147,0.0
36M,1095,ARIMA,1572,147.67861107280504,133.59769460893563,99.68193384223919,50.0,0.9984071360305831,,100.0,99.68193384223919,0.0,,170396.311980664,113436.83213627653,355.8966905738082,0.09324843715006914,-0.07630550280991777
36M,1095,Adaptive Ensemble,1572,37.12088470052458,29.403673375547843,99.80916030534351,70.0,0.9990436722983742,0.6318509862220751,100.0,99.68193384223919,0.1272264631043214,0.5,10386.488414625846,8149.5515079371635,29.730695473041497,0.942708558326434,0.9319956022536484
36M,1095,GLS,1572,359.781650455197,213.37098784392379,60.55979643765903,80.21697511167837,0.7533810660302307,0.06953212220167408,100.0,99.68193384223919,-39.12213740458016,1.1325079147166273e-176,53068485993.11787,9312739978.291359,21452629.828599066,-4.381844359299979,-5.3881981972825725
36M,1095,GLS-LSTM,1572,170.32709555529354,154.40283991480584,34.478371501272264,67.13465220165922,0.5104562737642585,0.04068810577860725,100.0,99.68193384223919,-65.20356234096693,5.350717814660125e-299,491173.65682323795,86524.61952784024,231.35962563694017,-0.20620353293069305,-0.4317521504144688
36M,1095,Historical Mean,1572,155.08630282012155,142.95883128636484,99.68193384223919,50.0,0.9984071360305831,,100.0,99.68193384223919,0.0,,188510.06700727987,124467.47535907335,393.0946505055886,0.0,-0.1869905130652072
36M,1095,Historical Median,1572,177.96389127838503,170.6302198739662,99.68193384223919,50.0,0.9984071360305831,,100.0,99.68193384223919,0.0,,212805.5954465101,158136.66383307724,520.4845893253274,-0.3167911561399752,-0.5630186100263164
36M,1095,LSTM,1572,97.27989050850252,79.5984338665415,99.68193384223919,50.0,0.9984071360305831,,100.0,99.68193384223919,0.0,,36437.93562272534,25884.427325936642,100.43350791508261,0.6065412020978656,0.5329681396081258
36M,1095,Majority Direction,1572,155.4749532844668,143.40080510519968,99.68193384223919,50.0,0.9984071360305831,,100.0,99.68193384223919,0.0,,189206.7920739189,125057.92714183113,395.1302749345784,-0.005018334199093033,-0.19294722815092125
36M,1095,OLS,1572,176.89986161579242,161.03850154761767,36.06870229007634,67.93235481812381,0.5279473931423203,0.04213645304319957,100.0,99.68193384223919,-63.61323155216285,1.5886030216965816e-291,26158.482205344448,22824.35148923727,74.59888973290832,-0.30109228260648235,-0.5443841960762499
36M,1095,Persistence Direction,1572,291.87019158989455,255.30713999557017,55.470249520153544,37.792041078305516,0.71334431630972,-0.027753358148629125,99.42748091603053,99.68010236724248,-44.20985284708894,3.377555320342633e-206,146542.37429029835,84747.3240671697,262.7161461732733,-2.5418698696021367,-3.2041659337292385
36M,1095,Random Walk with Drift,1572,155.08630282012155,142.95883128636484,99.68193384223919,50.0,0.9984071360305831,,100.0,99.68193384223919,0.0,,188510.06700727987,124467.47535907335,393.0946505055886,0.0,-0.1869905130652072
36M,1095,VS-LSTM,1572,114.90814745196231,98.55480406250804,99.68193384223919,50.0,0.9984071360305831,,100.0,99.68193384223919,0.0,,50625.65389971275,37059.71250300811,136.86715017330835,0.45102222769286826,0.3483685923877633
36M,1095,Zero Return,1572,142.3474916749391,125.84155670846987,,,,,0.0,,,,25125.049591786283,20594.012558524173,65.14017366032121,0.15753328354944895,0.0
3M,90,ARIMA,3582,44.49084364802041,34.14213619631006,64.19994414967886,60.290148643864164,0.7298777918246945,0.2293206392263309,99.97208263539922,59.03378944428931,5.166154705389545,2.0813025040839274e-09,13989.639565849993,6615.906609089741,39.01660353353403,-0.06284451349290654,-0.08455356901078326
3M,90,Adaptive Ensemble,3582,34.95789631804198,26.51709208335572,64.59089639765429,56.83470601095433,0.7688662048851621,0.2867480389929366,99.97208263539922,59.03378944428931,5.557106953364979,7.889506006069264e-54,7192.273748559357,4035.454070463324,28.635540281557724,0.3438259776828748,0.3304233415502793
3M,90,GLS,3582,2125.6957394731717,631.5075744072956,62.021781625244344,55.07598900826057,0.7440722619495672,0.16191263478305404,99.97208263539922,59.03378944428931,2.9879921809550325,4.619409209017905e-08,1.4448355684954354e+23,1.7063616964961763e+22,6.661878005366876e+21,-2425.2226742044218,-2474.779314018028
3M,90,GLS-LSTM,3582,1815.000474161403,329.1443297933486,42.64172018989109,43.97114958606853,0.4297612437534703,-0.12032225780526996,99.97208263539922,59.03378944428931,-16.392069254398223,4.831502655813108e-38,1.0271036785950005e+23,8.570145564500136e+21,3.610584215843613e+21,-1767.8130697741337,-1803.9418361599885
3M,90,Historical Mean,3582,43.15546232129752,34.61390380324904,59.03378944428931,50.0,0.7424056189640036,,99.97208263539922,59.03378944428931,0.0,,10291.827347597904,5763.034751207349,39.07234664456162,0.0,-0.020425429347640467
3M,90,Historical Median,3582,42.58198741018529,34.24615224814719,59.03378944428931,50.0,0.7424056189640036,,99.97208263539922,59.03378944428931,0.0,,9987.650119621028,5640.276968791729,36.69328237690268,0.026400578105512995,0.0065143919007034645
3M,90,LSTM,3582,44.720013444348496,35.05799053883242,57.693381736944986,52.32790904793505,0.6959662853702588,0.05736649043332971,99.97208263539922,59.03378944428931,-1.3404077073443261,0.07809746751106691,8851.829245284609,5086.346848869897,34.94206512650593,-0.07382201596482263,-0.0957552916838531
3M,90,Majority Direction,3582,56.89627559182314,47.1412806141317,59.03378944428931,50.0,0.7424056189640036,,99.97208263539922,59.03378944428931,0.0,,15101.185861435197,8377.757001100901,66.57196054041712,-0.7381855295299322,-0.7736887152564371
3M,90,OLS,3582,65.2588510070072,51.30473544802756,58.27981010890812,49.40312546150924,0.7360424028268552,-0.059672908940928096,99.97208263539922,59.03378944428931,-0.7539793353811888,3.4654513001441956e-06,13139.92306897237,7875.587218453705,79.92446404968395,-1.286690033912965,-1.333396659640608
3M,90,Persistence Direction,3582,45.46676888778255,35.83475986837492,53.23620061641916,52.653099353291836,0.5849291221089282,0.05235670329682332,99.63707426018983,58.924068366489216,-5.687867750070055,6.445301188880224e-07,10028.86573111384,5578.618247212622,34.13936479513696,-0.1099837912014292,-0.13265568670564032
3M,90,Random Walk with Drift,3582,43.15546232129752,34.61390380324904,59.03378944428931,50.0,0.7424056189640036,,99.97208263539922,59.03378944428931,0.0,,10291.827347597904,5763.034751207349,39.07234664456162,0.0,-0.020425429347640467
3M,90,VS-LSTM,3582,43.57177095936723,34.539844947545774,52.834403797821835,47.10676832929301,0.6636128261302529,-0.07279948220723709,99.97208263539922,59.03378944428931,-6.199385646467476,8.629061216989604e-18,10163.918073477433,5621.375673461986,33.72937113897635,-0.01938649811117199,-0.040207905006280464
3M,90,Zero Return,3582,42.72136663620042,33.53040145785518,,,,,0.0,,,,9247.745972288456,5228.911745672808,30.79569959956586,0.020016582064892874,0.0
6M,180,ARIMA,3402,70.87203042021393,56.945218149000254,58.230452674897116,49.921141599270904,0.7089903747696089,-0.0018714228732439042,100.0,64.10934744268077,-5.878894767783656,3.6536152479075303e-14,23326.942762028135,12290.222748053353,73.69903900249004,-0.11259129098869214,-0.12046647318381476
6M,180,Adaptive Ensemble,3402,46.87883545426791,33.44313445465919,75.1028806584362,65.31531531531532,0.8373968132079094,0.46970790202836804,100.0,64.10934744268077,10.993533215755434,5.19770488282245e-113,10171.287641229836,5386.129440030319,35.05177109212635,0.5132123683906089,0.5097667713233791
6M,180,GLS,3402,133.91341014444686,96.42634617846517,76.16108171663727,74.43202236874865,0.8124855491329479,0.48553704034400935,100.0,64.10934744268077,12.051734273956498,2.69494860404141e-31,14342.33191073701,9120.476218131473,307.03588627543877,-2.9722268728306216,-3.000343226605154
6M,180,GLS-LSTM,3402,91.42274748494843,71.42183201767872,53.79188712522046,58.35577981382658,0.5392731535756156,0.16681830704340375,100.0,64.10934744268077,-10.31746031746031,5.159011076998104e-14,15104.674349203979,8883.761137656586,54.435588943989764,-0.8513752070581193,-0.8644796751455504
6M,180,Historical Mean,3402,67.19037222701209,53.13504920303322,64.10934744268077,50.0,0.7813003761418592,,100.0,64.10934744268077,0.0,,16935.0299962512,9895.658743985909,70.6812005461532,0.0,-0.0070782346212006075
6M,180,Historical Median,3402,67.08721089011732,53.23129672654529,64.10934744268077,50.0,0.7813003761418592,,100.0,64.10934744268077,0.0,,16312.578172406624,9581.3149321298,69.48372266729473,0.003068360499847489,-0.003988155545832761
6M,180,LSTM,3402,69.44399174084059,56.57275932892522,57.67195767195767,49.197165153148646,0.7058823529411764,-0.01918574154057641,100.0,64.10934744268077,-6.437389770723101,4.918381324934055e-17,12602.98520913758,7700.693745844366,57.797265966200484,-0.06820660609337081,-0.075767623075216
6M,180,Majority Direction,3402,81.11311813066233,68.11845514704947,64.10934744268077,50.0,0.7813003761418592,,100.0,64.10934744268077,0.0,,25125.889017287045,14943.645113528255,112.84342329930861,-0.4573642084915315,-0.46767977428777496
6M,180,OLS,3402,96.98826350115303,79.66218209336762,63.55085243974132,49.5644199908299,0.7771387491013659,-0.0560732593313496,100.0,64.10934744268077,-0.558495002939452,3.814697265625e-06,24807.130671028906,16239.224619010107,160.00135417868034,-1.0836476152689847,-1.0983961619577638
6M,180,Persistence Direction,3402,76.73817678693983,60.96573843941077,53.92330383480826,53.10807047481361,0.6089133700550826,0.05983079663318374,99.64726631393297,64.04129793510324,-10.117994100294986,4.172399310659588e-18,15437.459501826224,9034.44872997271,57.029461151520856,-0.30439420044685317,-0.31362700863614923
6M,180,Random Walk with Drift,3402,67.19037222701209,53.13504920303322,64.10934744268077,50.0,0.7813003761418592,,100.0,64.10934744268077,0.0,,16935.0299962512,9895.658743985909,70.6812005461532,0.0,-0.0070782346212006075
6M,180,VS-LSTM,3402,69.64196759466688,56.66486764148742,56.643151087595534,47.43946772832604,0.7030400644252063,-0.06379182135946491,100.0,64.10934744268077,-7.466196355085238,4.408527964761463e-25,15648.852546797063,9015.948306199622,56.07172547197402,-0.07430592611862918,-0.08191011551864302
6M,180,Zero Return,3402,66.95383259175877,53.682587500493796,,,,,0.0,,,,12639.757717187409,7403.644308641976,45.2362853080065,0.007028485352841507,0.0
